firstName;lastName;email;password;birthdate;firstNameUpdate;lastNameUpate
beriyan000001;syah3;abarubiru@gmail.com;mypassword3;27/02/1997;bariyan Update03;syah update3
beriyan000002;syah4;baaqwerty2@gmail.com;mypassword4;27/02/1997;bariyan Update04;syah update4
beriyan000003;syah5;aabaqwerty3@gmail.com;mypassword5;27/02/1997;bariyan Update05;syah update5
beriyan000004;syah6;aabaaqwerty4@gmail.com;mypassword6;27/02/1997;bariyan Update06;syah update6
beriyan000005;syah7;aabaqwerty5@gmail.com;mypassword7;27/02/1997;bariyan Update07;syah update7
beriyan000006;syah8;aabaqwerty6@gmail.com;mypassword8;27/02/1997;bariyan Update08;syah update8
beriyan000007;syah9;abaaqwerty7@gmail.com;mypassword9;27/02/1997;bariyan Update09;syah update9
beriyan000008;syah10;aabaqwerty8@gmail.com;mypassword10;27/02/1997;bariyan Update10;syah update10
beriyan000009;syah11;abaaqwerty9@gmail.com;mypassword11;27/02/1997;bariyan Update11;syah update11
beriyan000010;syah12;abaaqwerty10@gmail.com;mypassword12;27/02/1997;bariyan Update12;syah update12
beriyan000011;syah13;abbcqwerty11@gmail.com;mypassword13;27/02/1997;bariyan Update13;syah update13
beriyan000012;syah14;abvcqwerty12@gmail.com;mypassword14;27/02/1997;bariyan Update14;syah update14
beriyan000013;syah15;abaaqwerty13@gmail.com;mypassword15;27/02/1997;bariyan Update15;syah update15
beriyan000014;syah16;qbwaaaerty14@gmail.com;mypassword16;27/02/1997;bariyan Update16;syah update16
beriyan000015;syah17;abaaqwerty15@gmail.com;mypassword17;27/02/1997;bariyan Update17;syah update17
beriyan000016;syah18;abaaqwerty16@gmail.com;mypassword18;27/02/1997;bariyan Update18;syah update18
beriyan000017;syah19;ybansyah2@gmail.com;mypassword19;27/02/1997;bariyan Update19;syah update19
beriyan000018;syah20;aabaqwerty18@gmail.com;mypassword20;27/02/1997;bariyan Update20;syah update20
beriyan000019;syah21;abaaqwerty19@gmail.com;mypassword21;27/02/1997;bariyan Update21;syah update21
beriyan000020;syah22;aabaaqwerty20@gmail.com;mypassword22;27/02/1997;bariyan Update22;syah update22
beriyan000021;syah23;abaaaaqwerty21@gmail.com;mypassword23;27/02/1997;bariyan Update23;syah update23
beriyan000022;syah24;aabaaqwerty22@gmail.com;mypassword24;27/02/1997;bariyan Update24;syah update24
beriyan000023;syah25;aabaaqwerty23@gmail.com;mypassword25;27/02/1997;bariyan Update25;syah update25
beriyan000024;syah26;abaaaqwerty24@gmail.com;mypassword26;27/02/1997;bariyan Update26;syah update26
beriyan000025;syah27;abaaqwerty25@gmail.com;mypassword27;27/02/1997;bariyan Update27;syah update27
beriyan000026;syah28;aabaqwerty26@gmail.com;mypassword28;27/02/1997;bariyan Update28;syah update28
beriyan000027;syah29;aabaqwerty27@gmail.com;mypassword29;27/02/1997;bariyan Update29;syah update29
beriyan000028;syah30;qbaaawerty28@gmail.com;mypassword30;27/02/1997;bariyan Update30;syah update30
beriyan000029;syah31;baaaqwerty29@gmail.com;mypassword31;27/02/1997;bariyan Update31;syah update31
beriyan000030;syah32;abaaqwerty30@gmail.com;mypassword32;27/02/1997;bariyan Update32;syah update32
beriyan000031;syah33;aabaqwerty31@gmail.com;mypassword33;27/02/1997;bariyan Update33;syah update33
beriyan000032;syah34;abaaaqwerty32@gmail.com;mypassword34;27/02/1997;bariyan Update34;syah update34
beriyan000033;syah35;abaaaqwerty33@gmail.com;mypassword35;27/02/1997;bariyan Update35;syah update35
beriyan000034;syah36;abaaqwerty34@gmail.com;mypassword36;27/02/1997;bariyan Update36;syah update36
beriyan000035;syah37;qbawerty35@gmail.com;mypassword37;27/02/1997;bariyan Update37;syah update37
beriyan000036;syah38;abaaqwerty36@gmail.com;mypassword38;27/02/1997;bariyan Update38;syah update38
beriyan000037;syah39;baaaqwerty37@gmail.com;mypassword39;27/02/1997;bariyan Update39;syah update39
beriyan000038;syah40;aabaqwerty38@gmail.com;mypassword40;27/02/1997;bariyan Update40;syah update40
beriyan000039;syah41;abaaqwerty39@gmail.com;mypassword41;27/02/1997;bariyan Update41;syah update41
